,city,country,woeid,lat,lng,trends
210,Amman,Jordan,1968902,31.95,35.9333,"['#عام_هجري_جديد_١٤٤٢', '#فلسطين_قضيتي', '#سنه1442', 'ليون', 'الامه الاسلاميه', '#راس_السنه_الهجريه', '#WorldHumanitarianDay', 'البايرن', 'الرابط البديل', 'باريس', 'ترامب', 'كومان', 'علي الجميع', 'المدارس الخاصه', 'إيران', 'America', 'الصين', 'jungkook', 'دعم الخبز', 'johnny', 'king', '#218news', '#الزرقاء', '#عمه_للكلاب', '#عمتك', '#AlBawabaBusiness', '#دفيع', '#الكاظمي', '#عمان_جو', '#الكويت', '#بيروت', '#الوقايع', '#covid19']"
211,Chelyabinsk,Russia,1997422,55.155,61.4387,"['Навального', '#МыЗнаемКтоВиновен', '#нюдсочетверг', 'Омск', '#BTS_Dynamite_ONEword', 'Кира', 'Navalny', 'Немцова', '#taehyungdeservesbetter', 'BTS Dynamite', 'Ярмыш', 'minho', 'Альянс', 'Кафтанчиково', 'Лёха', 'omsk', 'Battletoads', '#LONG_LIVED_ONEUS', 'Эннеаграмме', 'Скатертью', 'Верзилова', 'Ефремова', 'бавария', 'Венедиктов', 'донбасса', 'Ирана', 'преображение господне', 'Координационного', 'Яблочный Спас', 'Литвиненко', 'ефремовым', 'Врачи', 'Веник', 'Лион', 'с яблочным спасом', 'Мали', 'Землей', 'european', 'ГКЧП', 'в германии', 'Источник', 'Норвегии', 'албании', 'Влашича', '#леорио2021', '#ISupportZhenyaMedvedeva', '#цвбп', '#stopexecutionsiniran', '#УралЛоко', '#ACE_COMEBACK']"
212,Khabarovsk,Russia,2018708,48.455,135.12,"['Навального', '#МыЗнаемКтоВиновен', '#нюдсочетверг', 'Омск', '#BTS_Dynamite_ONEword', 'Кира', 'Navalny', 'Немцова', '#taehyungdeservesbetter', 'BTS Dynamite', 'Ярмыш', 'minho', 'Альянс', 'Кафтанчиково', 'Лёха', 'omsk', 'Battletoads', '#LONG_LIVED_ONEUS', 'Эннеаграмме', 'Скатертью', 'Верзилова', 'Ефремова', 'бавария', 'Венедиктов', 'донбасса', 'Ирана', 'преображение господне', 'Координационного', 'Яблочный Спас', 'Литвиненко', 'ефремовым', 'Врачи', 'Веник', 'Лион', 'с яблочным спасом', 'Мали', 'Землей', 'european', 'ГКЧП', 'в германии', 'Источник', 'Норвегии', 'албании', 'Влашича', '#леорио2021', '#ISupportZhenyaMedvedeva', '#цвбп', '#stopexecutionsiniran', '#УралЛоко', '#ACE_COMEBACK']"
213,Krasnodar,Russia,2028717,45.02,39.0,"['Навального', '#МыЗнаемКтоВиновен', '#нюдсочетверг', 'Омск', '#BTS_Dynamite_ONEword', 'Кира', 'Navalny', 'Немцова', '#taehyungdeservesbetter', 'BTS Dynamite', 'Ярмыш', 'minho', 'Альянс', 'Кафтанчиково', 'Лёха', 'omsk', 'Battletoads', '#LONG_LIVED_ONEUS', 'Эннеаграмме', 'Скатертью', 'Верзилова', 'Ефремова', 'бавария', 'Венедиктов', 'донбасса', 'Ирана', 'преображение господне', 'Координационного', 'Яблочный Спас', 'Литвиненко', 'ефремовым', 'Врачи', 'Веник', 'Лион', 'с яблочным спасом', 'Мали', 'Землей', 'european', 'ГКЧП', 'в германии', 'Источник', 'Норвегии', 'албании', 'Влашича', '#леорио2021', '#ISupportZhenyaMedvedeva', '#цвбп', '#stopexecutionsiniran', '#УралЛоко', '#ACE_COMEBACK']"
214,Krasnoyarsk,Russia,2029043,56.013999999999996,92.866,"['Навального', '#МыЗнаемКтоВиновен', '#нюдсочетверг', 'Омск', '#BTS_Dynamite_ONEword', 'Кира', 'Navalny', 'Немцова', '#taehyungdeservesbetter', 'BTS Dynamite', 'Ярмыш', 'minho', 'Альянс', 'Кафтанчиково', 'Лёха', 'omsk', 'Battletoads', '#LONG_LIVED_ONEUS', 'Эннеаграмме', 'Скатертью', 'Верзилова', 'Ефремова', 'бавария', 'Венедиктов', 'донбасса', 'Ирана', 'преображение господне', 'Координационного', 'Яблочный Спас', 'Литвиненко', 'ефремовым', 'Врачи', 'Веник', 'Лион', 'с яблочным спасом', 'Мали', 'Землей', 'european', 'ГКЧП', 'в германии', 'Источник', 'Норвегии', 'албании', 'Влашича', '#леорио2021', '#ISupportZhenyaMedvedeva', '#цвбп', '#stopexecutionsiniran', '#УралЛоко', '#ACE_COMEBACK']"
215,Samara,Russia,2077746,53.195,50.1513,"['Навального', '#МыЗнаемКтоВиновен', '#нюдсочетверг', 'Омск', '#BTS_Dynamite_ONEword', 'Кира', 'Navalny', 'Немцова', '#taehyungdeservesbetter', 'BTS Dynamite', 'Ярмыш', 'minho', 'Альянс', 'Кафтанчиково', 'Лёха', 'omsk', 'Battletoads', '#LONG_LIVED_ONEUS', 'Эннеаграмме', 'Скатертью', 'Верзилова', 'Ефремова', 'бавария', 'Венедиктов', 'донбасса', 'Ирана', 'преображение господне', 'Координационного', 'Яблочный Спас', 'Литвиненко', 'ефремовым', 'Врачи', 'Веник', 'Лион', 'с яблочным спасом', 'Мали', 'Землей', 'european', 'ГКЧП', 'в германии', 'Источник', 'Норвегии', 'албании', 'Влашича', '#леорио2021', '#ISupportZhenyaMedvedeva', '#цвбп', '#stopexecutionsiniran', '#УралЛоко', '#ACE_COMEBACK']"
216,Voronezh,Russia,2108210,51.73,39.27,"['Блин', 'Навального', '#МыЗнаемКтоВиновен', '#нюдсочетверг', 'Омск', '#BTS_Dynamite_ONEword', 'Кира', 'Navalny', 'Немцова', '#taehyungdeservesbetter', 'BTS Dynamite', 'Ярмыш', 'minho', 'Альянс', 'Кафтанчиково', 'Лёха', 'omsk', 'Battletoads', '#LONG_LIVED_ONEUS', 'Эннеаграмме', 'Скатертью', 'Верзилова', 'Ефремова', 'бавария', 'Венедиктов', 'донбасса', 'Ирана', 'преображение господне', 'Координационного', 'Яблочный Спас', 'Литвиненко', 'ефремовым', 'Врачи', 'Веник', 'Лион', 'с яблочным спасом', 'Мали', 'Землей', 'european', 'ГКЧП', 'в германии', 'Источник', 'Норвегии', 'албании', '#леорио2021', '#ISupportZhenyaMedvedeva', '#цвбп', '#stopexecutionsiniran', '#УралЛоко', '#ACE_COMEBACK']"
217,Yekaterinburg,Russia,2112237,56.85,60.6,"['Навального', '#МыЗнаемКтоВиновен', '#нюдсочетверг', 'Омск', '#BTS_Dynamite_ONEword', 'Кира', 'Navalny', 'Немцова', '#taehyungdeservesbetter', 'BTS Dynamite', 'Ярмыш', 'minho', 'Альянс', 'Кафтанчиково', 'Лёха', 'omsk', 'Battletoads', '#LONG_LIVED_ONEUS', 'Эннеаграмме', 'Скатертью', 'Верзилова', 'Ефремова', 'бавария', 'Венедиктов', 'донбасса', 'Ирана', 'преображение господне', 'Координационного', 'Яблочный Спас', 'Литвиненко', 'ефремовым', 'Врачи', 'Веник', 'Лион', 'с яблочным спасом', 'Мали', 'Землей', 'european', 'ГКЧП', 'в германии', 'Источник', 'Норвегии', 'албании', 'Влашича', '#леорио2021', '#ISupportZhenyaMedvedeva', '#цвбп', '#stopexecutionsiniran', '#УралЛоко', '#ACE_COMEBACK']"
218,Irkutsk,Russia,2121040,52.32,104.245,"['Навального', '#МыЗнаемКтоВиновен', '#нюдсочетверг', 'Алексея', 'Омске', '#BTS_Dynamite_ONEword', 'Кира', 'Navalny', 'Немцова', '#taehyungdeservesbetter', 'BTS Dynamite', 'Ярмыш', 'minho', 'Альянс', 'кафтанчиково', 'Лёха', 'omsk', 'Battletoads', '#LONG_LIVED_ONEUS', 'Эннеаграмме', 'Скатертью', 'Верзилова', 'бавария', 'Венедиктов', 'Скрипалей', 'донбасса', 'Ирана', 'преображение господне', 'Координационного', 'Яблочный Спас', 'Литвиненко', 'Ефремовым', 'Врачи', 'Веник', 'Лион', 'с яблочным спасом', 'мали', 'Землей', 'ГКЧП', 'в германии', 'Источник', 'Норвегии', 'албании', 'Влашича', '#леорио2021', '#ISupportZhenyaMedvedeva', '#цвбп', '#stopexecutionsiniran', '#УралЛоко', '#ACE_COMEBACK']"
219,Moscow,Russia,2122265,55.7522,37.6155,"['Навального', '#МыЗнаемКтоВиновен', '#нюдсочетверг', 'Омск', '#BTS_Dynamite_ONEword', 'Кира', 'Navalny', 'Немцова', '#taehyungdeservesbetter', 'BTS Dynamite', 'Ярмыш', 'minho', 'Альянс', 'Кафтанчиково', 'Лёха', 'omsk', 'Battletoads', '#LONG_LIVED_ONEUS', 'Эннеаграмме', 'Скатертью', 'Верзилова', 'Ефремова', 'бавария', 'Венедиктов', 'донбасса', 'Ирана', 'преображение господне', 'Координационного', 'Яблочный Спас', 'Литвиненко', 'ефремовым', 'Врачи', 'Веник', 'Лион', 'с яблочным спасом', 'Мали', 'Землей', 'european', 'ГКЧП', 'в германии', 'Источник', 'Норвегии', 'албании', 'Влашича', '#леорио2021', '#ISupportZhenyaMedvedeva', '#цвбп', '#stopexecutionsiniran', '#УралЛоко', '#ACE_COMEBACK']"
220,Novosibirsk,Russia,2122541,55.03,82.96,"['Навального', 'Какие', 'новосибирске', 'Поздравляю', 'Надеюсь', 'Точно', '#МыЗнаемКтоВиновен', '#нюдсочетверг', 'Алексея', 'Омске', '#BTS_Dynamite_ONEword', 'Кира', 'Navalny', 'Немцова', '#taehyungdeservesbetter', 'BTS Dynamite', 'Ярмыш', 'minho', 'Альянс', 'Кафтанчиково', 'Лёха', 'omsk', 'Battletoads', '#LONG_LIVED_ONEUS', 'Эннеаграмме', 'Скатертью', 'Верзилова', 'Ефремова', 'бавария', 'Венедиктов', 'Скрипалей', 'донбасса', 'Ирана', 'преображение господне', 'Координационного', 'Яблочный Спас', 'Литвиненко', 'Врачи', 'Веник', 'Лион', 'с яблочным спасом', 'мали', 'Землей', 'european', 'ГКЧП', '#леорио2021', '#ISupportZhenyaMedvedeva', '#цвбп', '#stopexecutionsiniran', '#УралЛоко']"
221,Omsk,Russia,2122641,54.99,73.4,"['Омске', 'Лукашенко', 'Навального', '#МыЗнаемКтоВиновен', '#нюдсочетверг', '#BTS_Dynamite_ONEword', 'Кира', 'Navalny', 'Немцова', '#taehyungdeservesbetter', 'BTS Dynamite', 'Ярмыш', 'minho', 'Альянс', 'Кафтанчиково', 'Лёха', 'omsk', 'Battletoads', '#LONG_LIVED_ONEUS', 'Эннеаграмме', 'Скатертью', 'Верзилова', 'Ефремова', 'бавария', 'Венедиктов', 'донбасса', 'Ирана', 'преображение господне', 'Координационного', 'Яблочный Спас', 'Литвиненко', 'ефремовым', 'Врачи', 'Веник', 'Лион', 'с яблочным спасом', 'Мали', 'Землей', 'european', 'ГКЧП', 'в германии', 'Источник', 'Норвегии', 'албании', '#леорио2021', '#ISupportZhenyaMedvedeva', '#цвбп', '#stopexecutionsiniran', '#УралЛоко', '#ACE_COMEBACK']"
222,Saint Petersburg,Russia,2123260,59.93899999999999,30.316,"['Навального', '#МыЗнаемКтоВиновен', '#нюдсочетверг', 'Омск', '#BTS_Dynamite_ONEword', 'Кира', 'Navalny', 'Немцова', '#taehyungdeservesbetter', 'BTS Dynamite', 'Ярмыш', 'minho', 'Альянс', 'Кафтанчиково', 'Лёха', 'omsk', 'Battletoads', '#LONG_LIVED_ONEUS', 'Эннеаграмме', 'Скатертью', 'Верзилова', 'Ефремова', 'бавария', 'Венедиктов', 'донбасса', 'Ирана', 'преображение господне', 'Координационного', 'Яблочный Спас', 'Литвиненко', 'ефремовым', 'Врачи', 'Веник', 'Лион', 'с яблочным спасом', 'Мали', 'Землей', 'european', 'ГКЧП', 'в германии', 'Источник', 'Норвегии', 'албании', 'Влашича', '#леорио2021', '#ISupportZhenyaMedvedeva', '#цвбп', '#stopexecutionsiniran', '#УралЛоко', '#ACE_COMEBACK']"
223,Ufa,Russia,2124045,54.79,56.04,"['Навального', '#МыЗнаемКтоВиновен', '#нюдсочетверг', 'Алексея', 'Омске', '#BTS_Dynamite_ONEword', 'Кира', 'Navalny', 'Немцова', '#taehyungdeservesbetter', 'BTS Dynamite', 'Ярмыш', 'minho', 'Альянс', 'кафтанчиково', 'Лёха', 'omsk', 'Battletoads', '#LONG_LIVED_ONEUS', 'Эннеаграмме', 'Скатертью', 'Верзилова', 'бавария', 'Венедиктов', 'Скрипалей', 'донбасса', 'Ирана', 'преображение господне', 'Координационного', 'Яблочный Спас', 'Литвиненко', 'Ефремовым', 'Врачи', 'Веник', 'Лион', 'с яблочным спасом', 'мали', 'Землей', 'ГКЧП', 'в германии', 'Источник', 'Норвегии', 'албании', 'Влашича', '#леорио2021', '#ISupportZhenyaMedvedeva', '#цвбп', '#stopexecutionsiniran', '#УралЛоко', '#ACE_COMEBACK']"
224,Vladivostok,Russia,2124288,43.13,131.91,"['Поздравляю', 'Навального', '#МыЗнаемКтоВиновен', '#нюдсочетверг', 'Алексея', 'Омске', '#BTS_Dynamite_ONEword', 'Кира', 'Navalny', 'Немцова', '#taehyungdeservesbetter', 'BTS Dynamite', 'Ярмыш', 'minho', 'Альянс', 'Кафтанчиково', 'Лёха', 'omsk', 'Battletoads', '#LONG_LIVED_ONEUS', 'Эннеаграмме', 'Скатертью', 'Верзилова', 'Ефремова', 'бавария', 'Венедиктов', 'Скрипалей', 'донбасса', 'Ирана', 'преображение господне', 'Координационного', 'Яблочный Спас', 'Литвиненко', 'Врачи', 'Веник', 'Лион', 'с яблочным спасом', 'Мали', 'Землей', 'european', 'ГКЧП', 'в германии', 'Источник', 'Норвегии', 'албании', '#леорио2021', '#ISupportZhenyaMedvedeva', '#цвбп', '#stopexecutionsiniran', '#УралЛоко']"
225,Volgograd,Russia,2124298,48.71,44.5,"['Навального', '#МыЗнаемКтоВиновен', '#нюдсочетверг', 'Алексея', 'Омске', '#BTS_Dynamite_ONEword', 'Кира', 'Navalny', 'Немцова', '#taehyungdeservesbetter', 'BTS Dynamite', 'Ярмыш', 'minho', 'Альянс', 'кафтанчиково', 'Лёха', 'omsk', 'Battletoads', '#LONG_LIVED_ONEUS', 'Эннеаграмме', 'Скатертью', 'Верзилова', 'бавария', 'Венедиктов', 'Скрипалей', 'донбасса', 'Ирана', 'преображение господне', 'Координационного', 'Яблочный Спас', 'Литвиненко', 'Ефремовым', 'Врачи', 'Веник', 'Лион', 'с яблочным спасом', 'мали', 'Землей', 'ГКЧП', 'в германии', 'Источник', 'Норвегии', 'албании', 'Влашича', '#леорио2021', '#ISupportZhenyaMedvedeva', '#цвбп', '#stopexecutionsiniran', '#УралЛоко', '#ACE_COMEBACK']"
226,Karachi,Pakistan,2211096,24.87,66.99,"['#lahorerain', '#RashidMinhasShaheed', '#WorldPhotographyDay', '#ThursdayThoughts', '#JarwarNeedsLibrary', 'lyon', 'Gnabry', 'Monal', 'Asif Ali', 'lewandowski', 'BTS Dynamite', 'Barish', 'Federal Govt', 'ig fc', 'f-35', '#HealthInsurance4All', '#اےپی_سی_والوہن_آرام_اے', '#صافی_کی_بی_آرٹیاں', '#worldhumanitarianday', '#Churails', '#bts_dynamite_oneword', '#ShameOnImranRiazKhan', '#we_supportpalestine', '#Muharram', '#WednesdayThoughts', '#PMImranKhanonDunyaNews', '#HussainIsForAll', '#RealLifeHeroes', '#IslamicNewYear', '#CPL2020', '#ایم_ڈی_رائےمنظورکوبحال_کرو', '#UCLfinal', '#gmaildown', '#SehatInsafCard', '#Covid_19', '#2YearsOfExcellencePMIK', '#ProudOfYouSidharth', '#FakeNews', '#PeoplesProtestAgainstPuppets', '#محرم_١٤٤٢هـ', '#SushantSinghRajput', '#کپتان_کےدوسال_بےمثال', '#تباہی_کے_2سال', '#Rain', '#wednesdaymotivation', '#schoolsreopening']"
227,Lahore,Pakistan,2211177,31.56,74.35,"['#lahorerain', '#RashidMinhasShaheed', '#ThursdayThoughts', '#worldhumanitarianday', '#WorldPhotographyDay', 'lyon', 'Gnabry', 'Monal', 'Asif Ali', 'lewandowski', 'BTS Dynamite', 'Barish', 'Federal Govt', 'ig fc', 'f-35', '#HealthInsurance4All', '#اےپی_سی_والوہن_آرام_اے', '#صافی_کی_بی_آرٹیاں', '#Churails', '#bts_dynamite_oneword', '#ShameOnImranRiazKhan', '#JarwarNeedsLibrary', '#we_supportpalestine', '#Muharram', '#WednesdayThoughts', '#PMImranKhanonDunyaNews', '#HussainIsForAll', '#RealLifeHeroes', '#IslamicNewYear', '#CPL2020', '#ایم_ڈی_رائےمنظورکوبحال_کرو', '#UCLfinal', '#gmaildown', '#SehatInsafCard', '#Covid_19', '#2YearsOfExcellencePMIK', '#ProudOfYouSidharth', '#FakeNews', '#PeoplesProtestAgainstPuppets', '#محرم_١٤٤٢هـ', '#SushantSinghRajput', '#کپتان_کےدوسال_بےمثال', '#تباہی_کے_2سال', '#Rain', '#wednesdaymotivation', '#schoolsreopening']"
228,Multan,Pakistan,2211269,30.2,71.455,"['#HealthInsurance4All', '#RashidMinhasShaheed', '#lahorerain', '#اےپی_سی_والوہن_آرام_اے', '#ThursdayThoughts', 'lyon', 'Gnabry', 'Monal', 'Asif Ali', 'lewandowski', 'BTS Dynamite', 'Barish', 'Federal Govt', 'ig fc', '#WorldPhotographyDay', '#صافی_کی_بی_آرٹیاں', '#worldhumanitarianday', '#Churails', '#bts_dynamite_oneword', '#ShameOnImranRiazKhan', '#JarwarNeedsLibrary', '#we_supportpalestine', '#Muharram', '#WednesdayThoughts', '#PMImranKhanonDunyaNews', '#HussainIsForAll', '#RealLifeHeroes', '#IslamicNewYear', '#CPL2020', '#ایم_ڈی_رائےمنظورکوبحال_کرو', '#UCLfinal', '#gmaildown', '#SehatInsafCard', '#Covid_19', '#2YearsOfExcellencePMIK', '#ProudOfYouSidharth', '#FakeNews', '#PeoplesProtestAgainstPuppets', '#محرم_١٤٤٢هـ', '#SushantSinghRajput', '#کپتان_کےدوسال_بےمثال', '#Rain', '#تباہی_کے_2سال']"
229,Rawalpindi,Pakistan,2211387,33.6,73.04,"['#RashidMinhasShaheed', '#Churails', '#صافی_کی_بی_آرٹیاں', '#WorldPhotographyDay', 'Lahore', 'Prime Minister Imran Khan', 'Neymar', '#JusticeForHayathBaloch', 'Trump', 'lyon', 'Gnabry', 'Monal', 'Asif Ali', 'lewandowski', 'BTS Dynamite', 'Barish', 'Federal Govt', 'ig fc', 'f-35', '#اےپی_سی_والوہن_آرام_اے', '#ThursdayThoughts', '#bts_dynamite_oneword', '#ShameOnImranRiazKhan', '#JarwarNeedsLibrary', '#we_supportpalestine', '#Muharram', '#WednesdayThoughts', '#PMImranKhanonDunyaNews', '#HussainIsForAll', '#RealLifeHeroes', '#IslamicNewYear', '#CPL2020', '#ایم_ڈی_رائےمنظورکوبحال_کرو', '#UCLfinal', '#gmaildown', '#SehatInsafCard', '#Covid_19', '#2YearsOfExcellencePMIK', '#ProudOfYouSidharth', '#FakeNews', '#PeoplesProtestAgainstPuppets', '#محرم_١٤٤٢هـ', '#SushantSinghRajput', '#کپتان_کےدوسال_بےمثال', '#تباہی_کے_2سال', '#Rain', '#wednesdaymotivation', '#schoolsreopening']"
230,Faisalabad,Pakistan,2211574,31.41,73.11,"['#HealthInsurance4All', '#RashidMinhasShaheed', '#lahorerain', '#اےپی_سی_والوہن_آرام_اے', '#ThursdayThoughts', 'lyon', 'Gnabry', 'Monal', 'Asif Ali', 'lewandowski', 'BTS Dynamite', 'Barish', 'Federal Govt', 'ig fc', 'f-35', '#WorldPhotographyDay', '#صافی_کی_بی_آرٹیاں', '#worldhumanitarianday', '#Churails', '#bts_dynamite_oneword', '#ShameOnImranRiazKhan', '#JarwarNeedsLibrary', '#we_supportpalestine', '#Muharram', '#WednesdayThoughts', '#PMImranKhanonDunyaNews', '#HussainIsForAll', '#RealLifeHeroes', '#IslamicNewYear', '#CPL2020', '#ایم_ڈی_رائےمنظورکوبحال_کرو', '#UCLfinal', '#gmaildown', '#SehatInsafCard', '#Covid_19', '#2YearsOfExcellencePMIK', '#ProudOfYouSidharth', '#FakeNews', '#PeoplesProtestAgainstPuppets', '#محرم_١٤٤٢هـ', '#SushantSinghRajput', '#کپتان_کےدوسال_بےمثال', '#تباہی_کے_2سال', '#Rain', '#wednesdaymotivation', '#schoolsreopening']"
231,Muscat,Oman,2268284,23.6133,58.5933,"['#السيده_الجليله', '#اليوم_العالمي_للتصوير', '#قابوس_بن_سعيد', '#القبول_الموحد', '#محرم_١٤٤٢ه', 'السنه الجديده', 'جامعه التقنيه', 'باريس', 'عيسى البلوشي', 'جامعه السلطان', 'الثقه الساميه', 'ريال مدريد', 'السعوديه', 'الهلال', 'الامه الاسلاميه', 'كاس الخليج', 'دول الخليج', 'امريكا', 'يوسف بن علوي', 'حسين', 'علي الجميع', 'مريم', 'المكان المناسب', 'سواريز', 'بتويتر', 'الوطن الغالي', 'كومان', 'جبر الخواطر', 'التخطيط العمراني', 'السنه الماضيه', 'علي راسي', 'التعليم العالي', 'المرحله القادمه', 'موتي المسلمين', '#الفرز_الاول', '#مراسيم_سلطانيه', '#العام_الهجري_الجديد', '#شكرا_يوسف_بن_علوي', '#عمان_بلا_زندولين', '#باحثون_عن_عمل_يستغيثون241', '#حكومه_جديده_نهضه_متجدده', '#عام_هجري_جديد_١٤٤٢', '#حفل_الهجره_الجمعه', '#حقوق_افراد_الامن_والسلامه68', '#عمان_نهضه_متجدده', '#نهضه_متجدده', '#شكرا_معالي_يوسف_بن_علوي', '#هيثم_العهد_السعيد', '#العهد_السعيد', '#المراسيم_السلطانيه']"
232,Lucknow,India,2295377,26.855,80.915,"['#PrashantBhushan', '#CBIForPalghar', '#ChinaAgainstMinorities', '#Gmail', '#swachhsurvekshan2020', 'The Gone Game', 'Trell Keh Jo Kehna Hai', 'Hindustani Bhau', 'Hrithik', 'Liverpool', 'Sadhguru PranaamOnEaseMyTrip', 'the sleekest phone', 'प्रशांत भूषण', '#ResignParambirSingh', '#SaraAliKhan', '#RememberingRajivGandhi', '#SantNarayanGuruJayanti', '#MUAgainstStudents', '#RIPSUBHASRI_SAVE30LAKH', '#AkModel4Uttarakhand', '#ಜನಧ್ವನಿ', '#LaabamTrailer', '#ThursdayThoughts', '#GetWellSoonSPBSIR', '#गुंजन_पटेल_को_रिहा_करो', '#PLFixtures', '#WorldMosquitoDay', '#VOnPrime', '#Dikkiloona', '#Surat', '#AARTIDRUGS', '#google', '#OPPOF17Pro', '#HappyBirthdayRandeepHooda', '#13YearsOfDMG', '#RepeatAfterMe', '#Nani', '#ஓசி_ஊத்தப்ப_திமுக', '#CoolieNo1', '#VinayagarChathurthi', '#ArmaanMalikStreamingParty', '#islamicnewyear1442']"
233,Patna,India,2295381,25.625,85.13,"['#PrashantBhushan', '#CBITakesOver', '#RepeatAfterMe', '#RememberingRajivGandhi', '#RIPSUBHASRI_SAVE30LAKH', 'The Gone Game', 'Trell Keh Jo Kehna Hai', 'Hindustani Bhau', 'Hrithik', 'Liverpool', 'Sadhguru PranaamOnEaseMyTrip', 'the sleekest phone', 'प्रशांत भूषण', 'Shri Rajiv Gandhi', '#ResignParambirSingh', '#Gmail', '#WorldPhotographyDay', '#CBIForPalghar', '#ChinaAgainstMinorities', '#swachhsurvekshan2020', '#SaraAliKhan', '#SantNarayanGuruJayanti', '#MUAgainstStudents', '#AkModel4Uttarakhand', '#ಜನಧ್ವನಿ', '#LaabamTrailer', '#ThursdayThoughts', '#GetWellSoonSPBSIR', '#गुंजन_पटेल_को_रिहा_करो', '#PLFixtures', '#VOnPrime', '#WorldMosquitoDay', '#Dikkiloona', '#Surat', '#AARTIDRUGS', '#google', '#VTheMovie', '#OPPOF17Pro', '#HappyBirthdayRandeepHooda', '#13YearsOfDMG', '#Nani', '#ஓசி_ஊத்தப்ப_திமுக', '#CoolieNo1', '#VinayagarChathurthi', '#ArmaanMalikStreamingParty', '#islamicnewyear1442']"
234,Ranchi,India,2295383,23.37,85.33,"['#PrashantBhushan', '#CBIForPalghar', '#ChinaAgainstMinorities', '#Gmail', '#swachhsurvekshan2020', 'The Gone Game', 'Trell Keh Jo Kehna Hai', 'Hindustani Bhau', 'Hrithik', 'Liverpool', 'Sadhguru PranaamOnEaseMyTrip', 'the sleekest phone', 'प्रशांत भूषण', '#ResignParambirSingh', '#SaraAliKhan', '#RememberingRajivGandhi', '#SantNarayanGuruJayanti', '#MUAgainstStudents', '#RIPSUBHASRI_SAVE30LAKH', '#AkModel4Uttarakhand', '#ಜನಧ್ವನಿ', '#LaabamTrailer', '#ThursdayThoughts', '#GetWellSoonSPBSIR', '#गुंजन_पटेल_को_रिहा_करो', '#PLFixtures', '#WorldMosquitoDay', '#VOnPrime', '#Dikkiloona', '#Surat', '#AARTIDRUGS', '#google', '#OPPOF17Pro', '#HappyBirthdayRandeepHooda', '#13YearsOfDMG', '#RepeatAfterMe', '#Nani', '#ஓசி_ஊத்தப்ப_திமுக', '#CoolieNo1', '#VinayagarChathurthi', '#ArmaanMalikStreamingParty', '#islamicnewyear1442']"
235,Kolkata,India,2295386,22.495,88.3247,"['#PrashantBhushan', '#CBIForPalghar', '#ChinaAgainstMinorities', '#Gmail', '#swachhsurvekshan2020', 'The Gone Game', 'Trell Keh Jo Kehna Hai', 'Hindustani Bhau', 'Hrithik', 'Liverpool', 'Sadhguru PranaamOnEaseMyTrip', 'the sleekest phone', 'प्रशांत भूषण', '#ResignParambirSingh', '#SaraAliKhan', '#RememberingRajivGandhi', '#SantNarayanGuruJayanti', '#MUAgainstStudents', '#RIPSUBHASRI_SAVE30LAKH', '#AkModel4Uttarakhand', '#ಜನಧ್ವನಿ', '#LaabamTrailer', '#ThursdayThoughts', '#GetWellSoonSPBSIR', '#गुंजन_पटेल_को_रिहा_करो', '#PLFixtures', '#WorldMosquitoDay', '#VOnPrime', '#Dikkiloona', '#Surat', '#AARTIDRUGS', '#google', '#OPPOF17Pro', '#HappyBirthdayRandeepHooda', '#13YearsOfDMG', '#RepeatAfterMe', '#Nani', '#ஓசி_ஊத்தப்ப_திமுக', '#CoolieNo1', '#VinayagarChathurthi', '#ArmaanMalikStreamingParty', '#islamicnewyear1442']"
236,Amritsar,India,2295388,31.64,74.87,"['#PrashantBhushan', '#CBIForPalghar', '#ChinaAgainstMinorities', '#Gmail', '#SwachhSurvekshan2020', 'The Gone Game', 'Trell Keh Jo Kehna Hai', 'Hindustani Bhau', 'Hrithik', 'Liverpool', 'Sadhguru PranaamOnEaseMyTrip', 'the sleekest phone', 'प्रशांत भूषण', '#ResignParambirSingh', '#SaraAliKhan', '#HumDekhenge', '#RememberingRajivGandhi', '#MUAgainstStudents', '#SantNarayanGuruJayanti', '#RIPSUBHASRI_SAVE30LAKH', '#AkModel4Uttarakhand', '#ಜನಧ್ವನಿ', '#LaabamTrailer', '#GetWellSoonSPBSIR', '#ThursdayThoughts', '#गुंजन_पटेल_को_रिहा_करो', '#PLFixtures', '#WorldMosquitoDay', '#VOnPrime', '#Dikkiloona', '#Surat', '#AARTIDRUGS', '#OPPOF17Pro', '#HappyBirthdayRandeepHooda', '#13YearsOfDMG', '#Google', '#RepeatAfterMe', '#Nani', '#ஓசி_ஊத்தப்ப_திமுக', '#CoolieNo1', '#islamicnewyear1442', '#thursdayvibes', '#ArnabGoswamy', '#VinayagarChathurthi', '#ArmaanMalikStreamingParty']"
237,Jaipur,India,2295401,26.9211,75.81,"['#RajivGandhi', '#CBITakesOver', '#राजस्थान_पुलिस_3600gP', '#ThursdayThoughts', '#Gmail', 'The Gone Game', 'Trell Keh Jo Kehna Hai', 'Hindustani Bhau', 'Hrithik', 'Liverpool', 'Sadhguru PranaamOnEaseMyTrip', 'the sleekest phone', 'प्रशांत भूषण', 'Shri Rajiv Gandhi', '76th Birth Anniversary', '#WorldPhotographyDay', '#TrueWorship_CuresDiseases', '#PrashantBhushan', '#RepeatAfterMe', '#CBIForPalghar', '#ChinaAgainstMinorities', '#SwachhSurvekshan2020', '#ResignParambirSingh', '#SaraAliKhan', '#HumDekhenge', '#MUAgainstStudents', '#SantNarayanGuruJayanti', '#RIPSUBHASRI_SAVE30LAKH', '#AkModel4Uttarakhand', '#ಜನಧ್ವನಿ', '#LaabamTrailer', '#GetWellSoonSPBSIR', '#गुंजन_पटेल_को_रिहा_करो', '#PLFixtures', '#WorldMosquitoDay', '#VOnPrime', '#Dikkiloona', '#Surat', '#AARTIDRUGS', '#OPPOF17Pro', '#HappyBirthdayRandeepHooda', '#13YearsOfDMG', '#Google', '#Nani', '#ஓசி_ஊத்தப்ப_திமுக', '#CoolieNo1', '#islamicnewyear1442', '#thursdayvibes', '#ArnabGoswamy', '#VinayagarChathurthi']"
238,Bhopal,India,2295407,23.25,77.41,"['#PrashantBhushan', '#CBIForPalghar', '#ChinaAgainstMinorities', '#Gmail', '#swachhsurvekshan2020', 'The Gone Game', 'Trell Keh Jo Kehna Hai', 'Hindustani Bhau', 'Hrithik', 'Liverpool', 'Sadhguru PranaamOnEaseMyTrip', 'the sleekest phone', 'प्रशांत भूषण', '#ResignParambirSingh', '#SaraAliKhan', '#RememberingRajivGandhi', '#SantNarayanGuruJayanti', '#MUAgainstStudents', '#RIPSUBHASRI_SAVE30LAKH', '#AkModel4Uttarakhand', '#ಜನಧ್ವನಿ', '#LaabamTrailer', '#ThursdayThoughts', '#GetWellSoonSPBSIR', '#गुंजन_पटेल_को_रिहा_करो', '#PLFixtures', '#WorldMosquitoDay', '#VOnPrime', '#Dikkiloona', '#Surat', '#AARTIDRUGS', '#google', '#OPPOF17Pro', '#HappyBirthdayRandeepHooda', '#13YearsOfDMG', '#RepeatAfterMe', '#Nani', '#ஓசி_ஊத்தப்ப_திமுக', '#CoolieNo1', '#VinayagarChathurthi', '#ArmaanMalikStreamingParty', '#islamicnewyear1442']"
239,Indore,India,2295408,22.7151,75.865,"['#SwachhSurvekshan2020', '#RememberingRajivGandhi', '#CBITakesOver', '#WorldPhotographyDay', '#Gmail', 'The Gone Game', 'Trell Keh Jo Kehna Hai', 'Hindustani Bhau', 'Hrithik', 'Liverpool', 'the sleekest phone', 'प्रशांत भूषण', '#TrueWorship_CuresDiseases', '#PrashantBhushan', '#CBIForPalghar', '#ChinaAgainstMinorities', '#ResignParambirSingh', '#SaraAliKhan', '#HumDekhenge', '#MUAgainstStudents', '#SantNarayanGuruJayanti', '#RIPSUBHASRI_SAVE30LAKH', '#AkModel4Uttarakhand', '#ಜನಧ್ವನಿ', '#LaabamTrailer', '#GetWellSoonSPBSIR', '#ThursdayThoughts', '#गुंजन_पटेल_को_रिहा_करो', '#PLFixtures', '#WorldMosquitoDay', '#VOnPrime', '#Dikkiloona', '#Surat', '#AARTIDRUGS', '#OPPOF17Pro', '#HappyBirthdayRandeepHooda', '#13YearsOfDMG', '#Google', '#RepeatAfterMe', '#Nani', '#ஓசி_ஊத்தப்ப_திமுக', '#CoolieNo1', '#islamicnewyear1442', '#thursdayvibes', '#ArnabGoswamy', '#VinayagarChathurthi', '#ArmaanMalikStreamingParty', '#DeepikaPadukone']"
240,Mumbai,India,2295411,19.017,72.857,"['#PrashantBhushan', '#CBIForPalghar', '#ChinaAgainstMinorities', '#Gmail', '#SwachhSurvekshan2020', 'The Gone Game', 'Trell Keh Jo Kehna Hai', 'Hindustani Bhau', 'Hrithik', 'Liverpool', 'Sadhguru PranaamOnEaseMyTrip', 'the sleekest phone', 'प्रशांत भूषण', '#ResignParambirSingh', '#SaraAliKhan', '#HumDekhenge', '#RememberingRajivGandhi', '#MUAgainstStudents', '#SantNarayanGuruJayanti', '#RIPSUBHASRI_SAVE30LAKH', '#AkModel4Uttarakhand', '#ಜನಧ್ವನಿ', '#LaabamTrailer', '#GetWellSoonSPBSIR', '#ThursdayThoughts', '#गुंजन_पटेल_को_रिहा_करो', '#PLFixtures', '#WorldMosquitoDay', '#VOnPrime', '#Dikkiloona', '#Surat', '#AARTIDRUGS', '#Google', '#OPPOF17Pro', '#HappyBirthdayRandeepHooda', '#13YearsOfDMG', '#RepeatAfterMe', '#Nani', '#ஓசி_ஊத்தப்ப_திமுக', '#CoolieNo1', '#islamicnewyear1442', '#VinayagarChathurthi', '#ArmaanMalikStreamingParty', '#ArnabGoswamy']"
241,Pune,India,2295412,18.53,73.85,"['#PrashantBhushan', '#CBIForPalghar', '#ChinaAgainstMinorities', '#Gmail', '#swachhsurvekshan2020', 'The Gone Game', 'Trell Keh Jo Kehna Hai', 'Hindustani Bhau', 'Hrithik', 'Liverpool', 'Sadhguru PranaamOnEaseMyTrip', 'the sleekest phone', 'प्रशांत भूषण', '#ResignParambirSingh', '#SaraAliKhan', '#RememberingRajivGandhi', '#SantNarayanGuruJayanti', '#MUAgainstStudents', '#RIPSUBHASRI_SAVE30LAKH', '#AkModel4Uttarakhand', '#ಜನಧ್ವನಿ', '#LaabamTrailer', '#ThursdayThoughts', '#GetWellSoonSPBSIR', '#गुंजन_पटेल_को_रिहा_करो', '#PLFixtures', '#WorldMosquitoDay', '#VOnPrime', '#Dikkiloona', '#Surat', '#AARTIDRUGS', '#google', '#OPPOF17Pro', '#HappyBirthdayRandeepHooda', '#13YearsOfDMG', '#RepeatAfterMe', '#Nani', '#ஓசி_ஊத்தப்ப_திமுக', '#CoolieNo1', '#VinayagarChathurthi', '#ArmaanMalikStreamingParty', '#islamicnewyear1442']"
242,Hyderabad,India,2295414,17.4,78.48,"['#CBIForSSR', '#PrashantBhushan', '#ChinaAgainstMinorities', '#Gmail', '#SwachhSurvekshan2020', 'The Gone Game', 'Trell Keh Jo Kehna Hai', 'Hindustani Bhau', 'Hrithik', 'Liverpool', 'Sadhguru PranaamOnEaseMyTrip', 'the sleekest phone', 'प्रशांत भूषण', '#ResignParambirSingh', '#SaraAliKhan', '#HumDekhenge', '#RememberingRajivGandhi', '#MUAgainstStudents', '#SantNarayanGuruJayanti', '#RIPSUBHASRI_SAVE30LAKH', '#AkModel4Uttarakhand', '#ಜನಧ್ವನಿ', '#LaabamTrailer', '#GetWellSoonSPBSIR', '#ThursdayThoughts', '#गुंजन_पटेल_को_रिहा_करो', '#PLFixtures', '#WorldMosquitoDay', '#VOnPrime', '#Dikkiloona', '#Surat', '#AARTIDRUGS', '#OPPOF17Pro', '#HappyBirthdayRandeepHooda', '#13YearsOfDMG', '#Google', '#RepeatAfterMe', '#Nani', '#ஓசி_ஊத்தப்ப_திமுக', '#CoolieNo1', '#islamicnewyear1442', '#ArnabGoswamy', '#VinayagarChathurthi', '#ArmaanMalikStreamingParty']"
243,Chennai,India,2295424,13.09,80.28,"['#Master', 'Chennai', '#PrashantBhushan', '#CBIForPalghar', '#ChinaAgainstMinorities', '#Gmail', 'The Gone Game', 'Trell Keh Jo Kehna Hai', 'Hindustani Bhau', 'Hrithik', 'Liverpool', 'Sadhguru PranaamOnEaseMyTrip', 'the sleekest phone', 'प्रशांत भूषण', '#SwachhSurvekshan2020', '#ResignParambirSingh', '#SaraAliKhan', '#HumDekhenge', '#RememberingRajivGandhi', '#MUAgainstStudents', '#SantNarayanGuruJayanti', '#RIPSUBHASRI_SAVE30LAKH', '#AkModel4Uttarakhand', '#ಜನಧ್ವನಿ', '#LaabamTrailer', '#GetWellSoonSPBSIR', '#ThursdayThoughts', '#गुंजन_पटेल_को_रिहा_करो', '#PLFixtures', '#WorldMosquitoDay', '#VOnPrime', '#Dikkiloona', '#Surat', '#AARTIDRUGS', '#OPPOF17Pro', '#HappyBirthdayRandeepHooda', '#13YearsOfDMG', '#Google', '#RepeatAfterMe', '#Nani', '#ஓசி_ஊத்தப்ப_திமுக', '#CoolieNo1', '#islamicnewyear1442', '#ArnabGoswamy', '#VinayagarChathurthi', '#ArmaanMalikStreamingParty']"
244,Mersin,Turkey,2323778,36.8004,34.6128,"['#PolisiminYanındayım', '#müjde', '#cebrailcankalaycıtutuklansın', 'İnşallah', 'Rabbim', 'İstanbul', 'Amin', 'Teşekkür', 'Bence', 'Reis', 'Zekeriya Alp', '#MuharremAyı', '#CGNöbette', 'GençKızlara KorkunçTuzak', 'Belediye Başkanları İstişare', 'Merkez Bankası', 'James Rodriguez', 'GamzeTetike UmutOl', 'Polisler', 'Görevini', 'Maske', 'RTEMüjde MahkumaAFOlsun', 'Erman Toroğlu', 'Videonun', 'Hasan Bülent Kahraman', 'Yasayı', 'Kadının', 'Tekme', ""Cenab-ı Allah'tan"", 'Uğurcan Çakır', 'Larin', 'Açığa', 'Darp', 'Oruç', 'Cem Dizdar', 'Devlete', 'Zonguldak', 'Olayın', 'Nevşin', '#VedatMuriqi', '#duygusuziftira', '#akpENTÜBE', '#Gmail', '#kariyernet', '#ikinciildışıyapılsın', '#Hicri1442', '#hacettepesesimiziduy', '#yağmur', '#faiz', '#İyiGündeKötüGünde']"
245,Adana,Turkey,2343678,36.995,35.32,"['#müjde', '#PolisiminYanındayım', '#cebrailcankalaycıtutuklansın', 'Zekeriya Alp', '#MuharremAyı', '#CGNöbette', 'GençKızlara KorkunçTuzak', 'Belediye Başkanları İstişare', 'Merkez Bankası', 'James Rodriguez', 'GamzeTetike UmutOl', 'Polisler', 'Görevini', 'Maske', 'RTEMüjde MahkumaAFOlsun', 'Erman Toroğlu', 'Videonun', 'Hasan Bülent Kahraman', 'Yasayı', 'Kadının', 'Tekme', ""Cenab-ı Allah'tan"", 'Uğurcan Çakır', 'Larin', 'Açığa', 'Darp', 'Oruç', 'Cem Dizdar', 'Devlete', 'Zonguldak', 'Olayın', 'Nevşin', 'Kudurun', 'Rabbimden', '#VedatMuriqi', '#duygusuziftira', '#akpENTÜBE', '#Gmail', '#kariyernet', '#ikinciildışıyapılsın', '#Hicri1442', '#hacettepesesimiziduy', '#yağmur', '#faiz', '#İyiGündeKötüGünde', '#MeşhurBingölKavurması', '#recepcakırtecavuzcudur']"
246,Ankara,Turkey,2343732,39.9272,32.8644,"['#PolisiminYanındayım', '#cebrailcankalaycıtutuklansın', '#BenimMüjdem', '#MuharremAyı', '#sütyen', 'Zekeriya Alp', 'GençKızlara KorkunçTuzak', 'Belediye Başkanları İstişare', 'Merkez Bankası', 'James Rodriguez', 'GamzeTetike UmutOl', 'Polisler', 'Görevini', 'Maske', 'RTEMüjde MahkumaAFOlsun', 'Erman Toroğlu', 'İstanbul Valiliği', 'Videonun', 'Hasan Bülent Kahraman', 'Yasayı', 'Kadının', 'Tekme', ""Cenab-ı Allah'tan"", 'Uğurcan Çakır', 'Larin', 'Açığa', 'Darp', 'Oruç', 'Cem Dizdar', 'Devlete', 'Olayın', 'Nevşin', 'Zonguldak', 'Kudurun', 'Yeni Hicri', 'Rabbimden', '#merhaba1442', '#CGNöbette', '#VedatMuriqi', '#duygusuziftira', '#akpENTÜBE', '#Gmail', '#kariyernet', '#ikinciildışıyapılsın', '#hacettepesesimiziduy', '#yağmur', '#faiz', '#İyiGündeKötüGünde', '#MuejdeliCuma', '#MeşhurBingölKavurması']"
247,Antalya,Turkey,2343733,36.89,30.7,"['#PolisiminYanındayım', '#cebrailcankalaycıtutuklansın', 'Zekeriya Alp', '#BenimMüjdem', '#MuharremAyı', '#CGNöbette', 'GençKızlara KorkunçTuzak', 'Belediye Başkanları İstişare', 'Merkez Bankası', 'James Rodriguez', 'GamzeTetike UmutOl', 'Polisler', 'Görevini', 'Maske', 'RTEMüjde MahkumaAFOlsun', 'Erman Toroğlu', 'Videonun', 'İstanbul Valiliği', 'Hasan Bülent Kahraman', 'Yasayı', 'Kadının', 'Tekme', ""Cenab-ı Allah'tan"", 'Uğurcan Çakır', 'Larin', 'Açığa', 'Darp', 'Oruç', 'Cem Dizdar', 'Devlete', 'Zonguldak', 'Olayın', 'Nevşin', 'Kudurun', 'Rabbimden', '#VedatMuriqi', '#duygusuziftira', '#akpENTÜBE', '#Gmail', '#kariyernet', '#ikinciildışıyapılsın', '#Hicri1442', '#hacettepesesimiziduy', '#yağmur', '#faiz', '#İyiGündeKötüGünde', '#MuejdeliCuma', '#MeşhurBingölKavurması', '#recepcakırtecavuzcudur']"
248,Bursa,Turkey,2343843,40.2,29.07,"['#PolisiminYanındayım', '#cebrailcankalaycıtutuklansın', '#müjde', '#sütyen', '#merhaba1442', 'Zekeriya Alp', 'GençKızlara KorkunçTuzak', 'Belediye Başkanları İstişare', 'Merkez Bankası', 'James Rodriguez', 'GamzeTetike UmutOl', 'Polisler', 'Görevini', 'Maske', 'RTEMüjde MahkumaAFOlsun', 'Erman Toroğlu', 'Videonun', 'Hasan Bülent Kahraman', 'Yasayı', 'Kadının', 'Tekme', ""Cenab-ı Allah'tan"", 'Uğurcan Çakır', 'Açığa', 'Larin', 'Darp', 'Oruç', 'Cem Dizdar', 'Devlete', 'Zonguldak', 'Olayın', 'Nevşin', 'Kudurun', 'Rabbimden', '#SağlığaZamlıTekKalemMaaş', '#MuharremAyı', '#CGNöbette', '#VedatMuriqi', '#duygusuziftira', '#akpENTÜBE', '#Gmail', '#kariyernet', '#ikinciildışıyapılsın', '#faiz', '#yağmur', '#hacettepesesimiziduy', '#İyiGündeKötüGünde', '#MeşhurBingölKavurması', '#recepcakırtecavuzcudur']"
249,Diyarbakır,Turkey,2343932,37.9204,40.23,"['#PolisiminYanındayım', '#cebrailcankalaycıtutuklansın', 'Zekeriya Alp', '#BenimMüjdem', '#MuharremAyı', '#CGNöbette', 'GençKızlara KorkunçTuzak', 'Belediye Başkanları İstişare', 'Merkez Bankası', 'James Rodriguez', 'GamzeTetike UmutOl', 'Polisler', 'Görevini', 'Maske', 'RTEMüjde MahkumaAFOlsun', 'Yusuf Namoğlu', 'Erman Toroğlu', 'İstanbul Valiliği', 'Videonun', 'Hasan Bülent Kahraman', 'Yasayı', 'Kadının', 'Tekme', ""Cenab-ı Allah'tan"", 'Uğurcan Çakır', 'Larin', 'Açığa', 'Darp', 'Oruç', 'Devlete', 'Olayın', 'Nevşin', 'Zonguldak', 'Kudurun', 'Rabbimden', '#VedatMuriqi', '#duygusuziftira', '#akpENTÜBE', '#kariyernet', '#Gmail', '#ikinciildışıyapılsın', '#Hicri1442', '#faiz', '#hacettepesesimiziduy', '#yağmur', '#İyiGündeKötüGünde', '#MuejdeliCuma', '#MeşhurBingölKavurması', '#recepcakırtecavuzcudur']"
250,Eskişehir,Turkey,2343980,39.795,30.53,"['#PolisiminYanındayım', '#cebrailcankalaycıtutuklansın', 'Zekeriya Alp', '#BenimMüjdem', '#MuharremAyı', '#CGNöbette', 'GençKızlara KorkunçTuzak', 'Belediye Başkanları İstişare', 'Merkez Bankası', 'James Rodriguez', 'GamzeTetike UmutOl', 'Polisler', 'Görevini', 'Maske', 'RTEMüjde MahkumaAFOlsun', 'Yusuf Namoğlu', 'Erman Toroğlu', 'İstanbul Valiliği', 'Videonun', 'Hasan Bülent Kahraman', 'Yasayı', 'Kadının', ""Cenab-ı Allah'tan"", 'Tekme', 'Uğurcan Çakır', 'Larin', 'Açığa', 'Darp', 'Oruç', 'Devlete', 'Olayın', 'Nevşin', 'Zonguldak', 'Kudurun', 'Rabbimden', '#VedatMuriqi', '#duygusuziftira', '#akpENTÜBE', '#kariyernet', '#Gmail', '#ikinciildışıyapılsın', '#Hicri1442', '#faiz', '#hacettepesesimiziduy', '#yağmur', '#İyiGündeKötüGünde', '#MuejdeliCuma', '#MeşhurBingölKavurması', '#recepcakırtecavuzcudur']"
251,Gaziantep,Turkey,2343999,37.075,37.385,"['#PolisiminYanındayım', '#cebrailcankalaycıtutuklansın', 'Zekeriya Alp', '#BenimMüjdem', '#MuharremAyı', '#CGNöbette', 'GençKızlara KorkunçTuzak', 'Belediye Başkanları İstişare', 'Merkez Bankası', 'James Rodriguez', 'GamzeTetike UmutOl', 'Polisler', 'Görevini', 'Maske', 'RTEMüjde MahkumaAFOlsun', 'Erman Toroğlu', 'Videonun', 'İstanbul Valiliği', 'Hasan Bülent Kahraman', 'Yasayı', 'Kadının', 'Tekme', ""Cenab-ı Allah'tan"", 'Uğurcan Çakır', 'Larin', 'Açığa', 'Darp', 'Oruç', 'Cem Dizdar', 'Devlete', 'Zonguldak', 'Olayın', 'Nevşin', 'Kudurun', 'Rabbimden', '#VedatMuriqi', '#duygusuziftira', '#akpENTÜBE', '#Gmail', '#kariyernet', '#ikinciildışıyapılsın', '#Hicri1442', '#hacettepesesimiziduy', '#yağmur', '#faiz', '#İyiGündeKötüGünde', '#MuejdeliCuma', '#MeşhurBingölKavurması', '#recepcakırtecavuzcudur']"
252,Istanbul,Turkey,2344116,41.105,29.01,"['#PolisiminYanındayım', '#cebrailcankalaycıtutuklansın', '#müjde', '#merhaba1442', '#sütyen', 'Zekeriya Alp', 'GençKızlara KorkunçTuzak', 'Belediye Başkanları İstişare', 'Merkez Bankası', 'James Rodriguez', 'GamzeTetike UmutOl', 'Polisler', 'Görevini', 'Maske', 'RTEMüjde MahkumaAFOlsun', 'Erman Toroğlu', 'Videonun', 'Hasan Bülent Kahraman', 'Yasayı', 'Kadının', 'Tekme', ""Cenab-ı Allah'tan"", 'Uğurcan Çakır', 'Larin', 'Açığa', 'Darp', 'Oruç', 'Cem Dizdar', 'Devlete', 'Zonguldak', 'Olayın', 'Nevşin', 'Kudurun', 'Rabbimden', '#MuharremAyı', '#CGNöbette', '#VedatMuriqi', '#duygusuziftira', '#akpENTÜBE', '#Gmail', '#kariyernet', '#ikinciildışıyapılsın', '#hacettepesesimiziduy', '#yağmur', '#faiz', '#İyiGündeKötüGünde', '#MeşhurBingölKavurması', '#recepcakırtecavuzcudur']"
253,Kayseri,Turkey,2344174,38.735,35.49,"['#PolisiminYanındayım', '#cebrailcankalaycıtutuklansın', '#müjde', 'Kesinlikle', 'İnşallah', 'Rabbim', 'Zekeriya Alp', '#MuharremAyı', '#CGNöbette', 'GençKızlara KorkunçTuzak', 'Belediye Başkanları İstişare', 'Merkez Bankası', 'James Rodriguez', 'GamzeTetike UmutOl', 'Polisler', 'Görevini', 'RTEMüjde MahkumaAFOlsun', 'Yusuf Namoğlu', 'Maske', 'Erman Toroğlu', 'Videonun', 'Hasan Bülent Kahraman', 'Yasayı', 'Kadının', 'Tekme', ""Cenab-ı Allah'tan"", 'Ellerinde', 'Uğurcan Çakır', 'Larin', 'Açığa', 'Darp', 'Oruç', 'Devlete', 'Olayın', 'Nevşin', 'Zonguldak', 'Kudurun', '#VedatMuriqi', '#duygusuziftira', '#akpENTÜBE', '#ikinciildışıyapılsın', '#kariyernet', '#Gmail', '#Hicri1442', '#faiz', '#hacettepesesimiziduy', '#yağmur', '#İyiGündeKötüGünde', '#MeşhurBingölKavurması']"
254,Konya,Turkey,2344210,37.875,32.475,"['#PolisiminYanındayım', '#müjde', '#cebrailcankalaycıtutuklansın', '#merhaba1442', '#sütyen', ""Allah'tan"", 'Reis', 'Sosa', 'Zekeriya Alp', 'GençKızlara KorkunçTuzak', 'Belediye Başkanları İstişare', 'Merkez Bankası', 'James Rodriguez', 'GamzeTetike UmutOl', 'Polisler', 'Görevini', 'RTEMüjde MahkumaAFOlsun', 'Maske', 'Yusuf Namoğlu', 'Erman Toroğlu', 'Videonun', 'Hasan Bülent Kahraman', 'Yasayı', 'Kadının', 'Tekme', 'Ellerinde', 'Uğurcan Çakır', 'Larin', 'Açığa', 'Darp', 'Oruç', 'Devlete', 'Olayın', 'Nevşin', 'Zonguldak', 'Kudurun', 'Yeni Hicri', '#MuharremAyı', '#CGNöbette', '#VedatMuriqi', '#duygusuziftira', '#akpENTÜBE', '#kariyernet', '#ikinciildışıyapılsın', '#Gmail', '#faiz', '#hacettepesesimiziduy', '#yağmur', '#İyiGündeKötüGünde', '#MeşhurBingölKavurması']"
255,Auckland,New Zealand,2348079,-36.8481,174.763,"['Tough', 'Mittens', '#Covid_19', '#NRLEelsStorm', 'Goodyear', '#DemConvention', 'high court', '#BidenHarris2020', 'pete', 'dr shane', 'Chloe', 'MAGA', 'kmart', 'Florida', 'Christians', '#shortlandstreet', 'Taiwan', 'nzers', 'Rachel', 'the nats', 'Boyd', 'Nazi', 'heather simpson', 'australians', 'Rydges', 'Reti', 'lebron', 'Joe Biden', 'Ireland', 'Kia Ora', 'Pakistan', 'Putin', 'Dame', 'donald trump', 'Border', 'iPhone', 'jordan', 'jesse', 'victoria', 'Northland', 'Wendy', 'Tasman', 'air nz', 'Democrat', 'Portland', 'aotearoa new zealand', 'vietnam', 'Republican', '#dungeonsanddragons', '#conservation']"
256,Albuquerque,United States,2352824,35.1053,-106.6464,"['#WAPParty', '#DemConvention', 'Goodyear', '#BidenHarris2020', 'Democrat', 'President Obama', 'Governor', '#thursdaythoughts', '#NationalRadioDay', 'Nelson del Valle', 'Friday Eve', 'Navalny', 'Hawaiian Punch', 'Thom Brennaman', 'Drunk History', 'Tropical Depression 13', 'Mediator', 'Pandemic P', 'Flint', 'Playoff P', 'KIM LIP', 'trey burke', 'AND GOT CAUGHT', 'No. She', 'Under God', 'heejin', 'Jennifer Hudson', 'Vegito', 'TV-MA', 'Boban', 'gowon', 'Jaysar', 'The Bronx', 'Triggered', 'Miles Taylor', 'Machado', '#TrumpMeltdown', '#ObamaWasBetterAtEverything', '#freesza', '#TD13', '#FireVelveteenDream', '#ThirstyThursday', '#HappyBirthdayMishaCollins', '#ObamaDNC', '#InfinityTrain', '#Battletoads', '#KamalaHarrisVP', '#banditotwitter', '#MFFL', '#Apollo']"
257,Atlanta,United States,2357024,33.7627,-84.4225,"['President Obama', 'Mavs', 'Clippers', '#DNC2020', 'Luka', '#WAPParty', '#ThursdayThoughts', '#NationalRadioDay', '#TrumpMeltdown', 'Nelson del Valle', 'Friday Eve', 'Navalny', 'Hawaiian Punch', 'Thom Brennaman', 'Drunk History', 'Tropical Depression 13', 'Mediator', 'Pandemic P', 'Flint', 'Playoff P', 'KIM LIP', 'AND GOT CAUGHT', 'No. She', 'Under God', 'heejin', 'Jennifer Hudson', 'Vegito', 'TV-MA', 'Boban', 'gowon', 'Jaysar', 'Triggered', 'Bronx', 'Miles Taylor', 'Machado', 'Ronna', '#ObamaWasBetterAtEverything', '#freesza', '#TD13', '#FireVelveteenDream', '#ThirstyThursday', '#HappyBirthdayMishaCollins', '#ObamaDNC', '#InfinityTrain', '#Battletoads', '#KamalaHarrisVP', '#banditotwitter', '#Apollo', '#SGDQ2020', '#FireKevinWarren']"
258,Atlanta,United States,2357024,33.1136,-94.1672,"['President Obama', 'Mavs', 'Clippers', '#DNC2020', 'Luka', '#WAPParty', '#ThursdayThoughts', '#NationalRadioDay', '#TrumpMeltdown', 'Nelson del Valle', 'Friday Eve', 'Navalny', 'Hawaiian Punch', 'Thom Brennaman', 'Drunk History', 'Tropical Depression 13', 'Mediator', 'Pandemic P', 'Flint', 'Playoff P', 'KIM LIP', 'AND GOT CAUGHT', 'No. She', 'Under God', 'heejin', 'Jennifer Hudson', 'Vegito', 'TV-MA', 'Boban', 'gowon', 'Jaysar', 'Triggered', 'Bronx', 'Miles Taylor', 'Machado', 'Ronna', '#ObamaWasBetterAtEverything', '#freesza', '#TD13', '#FireVelveteenDream', '#ThirstyThursday', '#HappyBirthdayMishaCollins', '#ObamaDNC', '#InfinityTrain', '#Battletoads', '#KamalaHarrisVP', '#banditotwitter', '#Apollo', '#SGDQ2020', '#FireKevinWarren']"
259,Austin,United States,2357536,30.3006,-97.7517,"['Mavs', '#DemocraticConvention', '#WAPParty', 'Goodyear', '#MFFL', '#ThursdayThoughts', '#NationalRadioDay', 'Nelson del Valle', 'Friday Eve', 'Navalny', 'President Obama', 'Hawaiian Punch', 'Thom Brennaman', 'Tropical Depression 13', 'Mediator', 'Pandemic P', 'Flint', 'playoff p', 'KIM LIP', 'AND GOT CAUGHT', 'heejin', 'No. She', 'Under God', 'Jennifer Hudson', 'Vegito', 'Boban', 'TV-MA', 'gowon', 'Jaysar', 'Machado', 'Triggered', 'Bronx', 'Ronna', 'Cuties', 'Billie', 'Seth Curry', '#TrumpMeltdown', '#ObamaWasBetterAtEverything', '#freesza', '#TD13', '#FireVelveteenDream', '#HappyBirthdayMishaCollins', '#DrunkHistory', '#InfinityTrain', '#Battletoads', '#KamalaHarrisVP', '#banditotwitter', '#Apollo', '#RHOBH', '#SGDQ2020']"
260,Austin,United States,2357536,43.6722,-92.9761,"['Mavs', '#DemocraticConvention', '#WAPParty', 'Goodyear', '#MFFL', '#ThursdayThoughts', '#NationalRadioDay', 'Nelson del Valle', 'Friday Eve', 'Navalny', 'President Obama', 'Hawaiian Punch', 'Thom Brennaman', 'Tropical Depression 13', 'Mediator', 'Pandemic P', 'Flint', 'playoff p', 'KIM LIP', 'AND GOT CAUGHT', 'heejin', 'No. She', 'Under God', 'Jennifer Hudson', 'Vegito', 'Boban', 'TV-MA', 'gowon', 'Jaysar', 'Machado', 'Triggered', 'Bronx', 'Ronna', 'Cuties', 'Billie', 'Seth Curry', '#TrumpMeltdown', '#ObamaWasBetterAtEverything', '#freesza', '#TD13', '#FireVelveteenDream', '#HappyBirthdayMishaCollins', '#DrunkHistory', '#InfinityTrain', '#Battletoads', '#KamalaHarrisVP', '#banditotwitter', '#Apollo', '#RHOBH', '#SGDQ2020']"
261,Baltimore,United States,2358820,39.3051,-76.6144,"['#DemocraticConvention', '#WAPParty', 'Goodyear', 'President Obama', 'Trey Songz', '#ThursdayThoughts', '#NationalRadioDay', 'Nelson del Valle', '#TrumpMeltdown', 'Friday Eve', 'Navalny', 'Hawaiian Punch', 'Thom Brennaman', 'Tropical Depression 13', 'Mediator', 'Pandemic P', 'Flint', 'playoff p', 'KIM LIP', 'Trey Burke', 'AND GOT CAUGHT', 'heejin', 'No. She', 'Under God', 'Jennifer Hudson', 'Vegito', 'Boban', 'TV-MA', 'gowon', 'Jaysar', 'Machado', 'Triggered', 'Bronx', 'Ronna', 'Cuties', 'Billie', '#ObamaWasBetterAtEverything', '#freesza', '#TD13', '#FireVelveteenDream', '#HappyBirthdayMishaCollins', '#DrunkHistory', '#ObamaDNC', '#InfinityTrain', '#Battletoads', '#KamalaHarrisVP', '#banditotwitter', '#MFFL', '#Apollo', '#SGDQ2020']"
262,Baton Rouge,United States,2359991,30.4419,-91.131,"['#WAPParty', 'Bron', 'Telfar', 'Blazers', '#DemConvention', 'I-10', '#thursdaythoughts', '#NationalRadioDay', '#TrumpMeltdown', 'Nelson del Valle', 'Friday Eve', 'Navalny', 'President Obama', 'Hawaiian Punch', 'Thom Brennaman', 'Drunk History', 'Tropical Depression 13', 'Mediator', 'Pandemic P', 'Flint', 'Playoff P', 'KIM LIP', 'trey burke', 'AND GOT CAUGHT', 'No. She', 'Under God', 'heejin', 'Jennifer Hudson', 'Vegito', 'TV-MA', 'Boban', 'gowon', 'Jaysar', 'Triggered', 'Miles Taylor', 'Machado', '#ObamaWasBetterAtEverything', '#freesza', '#TD13', '#FireVelveteenDream', '#ThirstyThursday', '#HappyBirthdayMishaCollins', '#ObamaDNC', '#InfinityTrain', '#Battletoads', '#KamalaHarrisVP', '#banditotwitter', '#MFFL', '#Apollo', '#SGDQ2020']"
263,Birmingham,United States,2364559,33.5277,-86.7987,"['#WAPParty', 'Lakers', '#DNC2020', '#BidenHarris2020', ""Y'all"", 'Republican', '#thursdaythoughts', '#NationalRadioDay', 'Nelson del Valle', 'Friday Eve', 'Navalny', 'President Obama', 'Hawaiian Punch', 'Thom Brennaman', 'Drunk History', 'Tropical Depression 13', 'Mediator', 'Pandemic P', 'Flint', 'Playoff P', 'KIM LIP', 'trey burke', 'AND GOT CAUGHT', 'No. She', 'Under God', 'heejin', 'Jennifer Hudson', 'Vegito', 'TV-MA', 'Boban', 'gowon', 'Jaysar', 'The Bronx', 'Triggered', 'Miles Taylor', 'Machado', '#TrumpMeltdown', '#ObamaWasBetterAtEverything', '#freesza', '#TD13', '#FireVelveteenDream', '#ThirstyThursday', '#HappyBirthdayMishaCollins', '#ObamaDNC', '#InfinityTrain', '#Battletoads', '#KamalaHarrisVP', '#banditotwitter', '#MFFL', '#Apollo']"
264,Birmingham,United States,2364559,42.5447,-83.2166,"['#WAPParty', 'Lakers', '#DNC2020', '#BidenHarris2020', ""Y'all"", 'Republican', '#thursdaythoughts', '#NationalRadioDay', 'Nelson del Valle', 'Friday Eve', 'Navalny', 'President Obama', 'Hawaiian Punch', 'Thom Brennaman', 'Drunk History', 'Tropical Depression 13', 'Mediator', 'Pandemic P', 'Flint', 'Playoff P', 'KIM LIP', 'trey burke', 'AND GOT CAUGHT', 'No. She', 'Under God', 'heejin', 'Jennifer Hudson', 'Vegito', 'TV-MA', 'Boban', 'gowon', 'Jaysar', 'The Bronx', 'Triggered', 'Miles Taylor', 'Machado', '#TrumpMeltdown', '#ObamaWasBetterAtEverything', '#freesza', '#TD13', '#FireVelveteenDream', '#ThirstyThursday', '#HappyBirthdayMishaCollins', '#ObamaDNC', '#InfinityTrain', '#Battletoads', '#KamalaHarrisVP', '#banditotwitter', '#MFFL', '#Apollo']"
265,Boston,United States,2367105,42.3188,-71.0846,"['#DemocraticConvention', 'Tatum', 'Celtics', '#WAPParty', 'Goodyear', 'Embiid', '#ThursdayThoughts', '#NationalRadioDay', 'Nelson del Valle', '#TrumpMeltdown', 'Friday Eve', 'President Obama', 'Navalny', 'Hawaiian Punch', 'Thom Brennaman', 'Tropical Depression 13', 'Mediator', 'Pandemic P', 'Flint', 'playoff p', 'KIM LIP', 'Trey Burke', 'AND GOT CAUGHT', 'heejin', 'No. She', 'Under God', 'Jennifer Hudson', 'Vegito', 'Boban', 'TV-MA', 'gowon', 'Jaysar', 'Machado', 'Triggered', 'Bronx', 'Ronna', '#ObamaWasBetterAtEverything', '#freesza', '#TD13', '#FireVelveteenDream', '#HappyBirthdayMishaCollins', '#DrunkHistory', '#ObamaDNC', '#InfinityTrain', '#Battletoads', '#KamalaHarrisVP', '#banditotwitter', '#MFFL', '#Apollo', '#SGDQ2020']"
266,Boston,United States,2367105,42.6528,-78.7555,"['#DemocraticConvention', 'Tatum', 'Celtics', '#WAPParty', 'Goodyear', 'Embiid', '#ThursdayThoughts', '#NationalRadioDay', 'Nelson del Valle', '#TrumpMeltdown', 'Friday Eve', 'President Obama', 'Navalny', 'Hawaiian Punch', 'Thom Brennaman', 'Tropical Depression 13', 'Mediator', 'Pandemic P', 'Flint', 'playoff p', 'KIM LIP', 'Trey Burke', 'AND GOT CAUGHT', 'heejin', 'No. She', 'Under God', 'Jennifer Hudson', 'Vegito', 'Boban', 'TV-MA', 'gowon', 'Jaysar', 'Machado', 'Triggered', 'Bronx', 'Ronna', '#ObamaWasBetterAtEverything', '#freesza', '#TD13', '#FireVelveteenDream', '#HappyBirthdayMishaCollins', '#DrunkHistory', '#ObamaDNC', '#InfinityTrain', '#Battletoads', '#KamalaHarrisVP', '#banditotwitter', '#MFFL', '#Apollo', '#SGDQ2020']"
267,Charlotte,United States,2378426,35.2079,-80.8304,"['Clippers', '#DemocraticConvention', 'Luka', '#WAPParty', 'Goodyear', 'President Obama', '#ThursdayThoughts', '#NationalRadioDay', 'Nelson del Valle', '#TrumpMeltdown', 'Friday Eve', 'Navalny', 'Hawaiian Punch', 'Thom Brennaman', 'Tropical Depression 13', 'Mediator', 'Pandemic P', 'Flint', 'playoff p', 'KIM LIP', 'AND GOT CAUGHT', 'heejin', 'No. She', 'Under God', 'Jennifer Hudson', 'Vegito', 'Boban', 'TV-MA', 'gowon', 'Jaysar', 'Machado', 'Triggered', 'Bronx', 'Ronna', 'Cuties', 'Billie', '#ObamaWasBetterAtEverything', '#freesza', '#TD13', '#FireVelveteenDream', '#HappyBirthdayMishaCollins', '#DrunkHistory', '#ObamaDNC', '#InfinityTrain', '#Battletoads', '#KamalaHarrisVP', '#banditotwitter', '#MFFL', '#Apollo', '#SGDQ2020']"
268,Charlotte,United States,2378426,42.5662,-84.8304,"['Clippers', '#DemocraticConvention', 'Luka', '#WAPParty', 'Goodyear', 'President Obama', '#ThursdayThoughts', '#NationalRadioDay', 'Nelson del Valle', '#TrumpMeltdown', 'Friday Eve', 'Navalny', 'Hawaiian Punch', 'Thom Brennaman', 'Tropical Depression 13', 'Mediator', 'Pandemic P', 'Flint', 'playoff p', 'KIM LIP', 'AND GOT CAUGHT', 'heejin', 'No. She', 'Under God', 'Jennifer Hudson', 'Vegito', 'Boban', 'TV-MA', 'gowon', 'Jaysar', 'Machado', 'Triggered', 'Bronx', 'Ronna', 'Cuties', 'Billie', '#ObamaWasBetterAtEverything', '#freesza', '#TD13', '#FireVelveteenDream', '#HappyBirthdayMishaCollins', '#DrunkHistory', '#ObamaDNC', '#InfinityTrain', '#Battletoads', '#KamalaHarrisVP', '#banditotwitter', '#MFFL', '#Apollo', '#SGDQ2020']"
269,Chicago,United States,2379574,41.8373,-87.6862,"['#DemocraticConvention', 'Mavs', 'Luka', 'Clippers', '#WAPParty', 'Goodyear', 'Dane Dunning', 'Thom Brennaman', '#thursdaythoughts', '#NationalRadioDay', '#TrumpMeltdown', 'Nelson del Valle', 'Friday Eve', 'Navalny', 'President Obama', 'Hawaiian Punch', 'Drunk History', 'Tropical Depression 13', 'Mediator', 'Pandemic P', 'Flint', 'Playoff P', 'KIM LIP', 'AND GOT CAUGHT', 'No. She', 'Under God', 'heejin', 'Jennifer Hudson', 'Vegito', 'TV-MA', 'Boban', 'gowon', 'Jaysar', 'The Bronx', 'Triggered', 'Miles Taylor', 'Machado', '#ObamaWasBetterAtEverything', '#freesza', '#TD13', '#FireVelveteenDream', '#ThirstyThursday', '#HappyBirthdayMishaCollins', '#ObamaDNC', '#InfinityTrain', '#Battletoads', '#KamalaHarrisVP', '#banditotwitter', '#Apollo', '#SGDQ2020']"
270,Cincinnati,United States,2380358,39.1412,-84.506,"['Thom', 'Reds', '#WAPParty', 'Goodyear', 'Jim Day', '#thursdaythoughts', '#NationalRadioDay', '#TrumpMeltdown', 'Nelson del Valle', '#ObamaWasBetterAtEverything', 'Friday Eve', 'Navalny', 'President Obama', 'Hawaiian Punch', 'Drunk History', 'Tropical Depression 13', 'Mediator', 'Pandemic P', 'Flint', 'Playoff P', 'KIM LIP', 'trey burke', 'AND GOT CAUGHT', 'No. She', 'Under God', 'heejin', 'Jennifer Hudson', 'Vegito', 'TV-MA', 'Boban', 'gowon', 'Jaysar', 'The Bronx', 'Miles Taylor', 'Triggered', 'Machado', '#freesza', '#TD13', '#FireVelveteenDream', '#ThirstyThursday', '#HappyBirthdayMishaCollins', '#DNCConvention2020', '#ObamaDNC', '#InfinityTrain', '#Battletoads', '#KamalaHarrisVP', '#banditotwitter', '#MFFL', '#Apollo', '#SGDQ2020']"
271,Cleveland,United States,2381475,41.4767,-81.6805,"['#WAPParty', 'Goodyear', 'Akron', 'Lakers', '#DemConvention', 'Luka', 'Jesus', '#ThursdayThoughts', '#NationalRadioDay', 'Nelson del Valle', '#TrumpMeltdown', 'Friday Eve', 'Navalny', 'President Obama', 'Hawaiian Punch', 'Thom Brennaman', 'Tropical Depression 13', 'Pandemic P', 'Flint', 'playoff p', 'KIM LIP', 'Trey Burke', 'AND GOT CAUGHT', 'heejin', 'No. She', 'Under God', 'Jennifer Hudson', 'Vegito', 'Boban', 'TV-MA', 'gowon', 'Jaysar', 'Machado', 'Triggered', 'Ronna', 'Cuties', 'Billie', '#ObamaWasBetterAtEverything', '#freesza', '#TD13', '#FireVelveteenDream', '#HappyBirthdayMishaCollins', '#DrunkHistory', '#InfinityTrain', '#Battletoads', '#KamalaHarrisVP', '#banditotwitter', '#MFFL', '#Apollo', '#SGDQ2020']"
272,Cleveland,United States,2381475,35.1818,-84.8707,"['#WAPParty', 'Goodyear', 'Lakers', '#DemConvention', 'Luka', 'Jesus', '#ThursdayThoughts', '#NationalRadioDay', '#TrumpMeltdown', 'Nelson del Valle', 'Friday Eve', 'Navalny', 'President Obama', 'Hawaiian Punch', 'Thom Brennaman', 'Drunk History', 'Tropical Depression 13', 'Pandemic P', 'Flint', 'Playoff P', 'KIM LIP', 'Trey Burke', 'AND GOT CAUGHT', 'No. She', 'Under God', 'heejin', 'Jennifer Hudson', 'Vegito', 'TV-MA', 'Boban', 'gowon', 'Jaysar', 'Triggered', 'Miles Taylor', 'Machado', 'Ronna', '#ObamaWasBetterAtEverything', '#freesza', '#TD13', '#FireVelveteenDream', '#ThirstyThursday', '#HappyBirthdayMishaCollins', '#ObamaDNC', '#InfinityTrain', '#Battletoads', '#KamalaHarrisVP', '#banditotwitter', '#MFFL', '#Apollo', '#SGDQ2020']"
273,Cleveland,United States,2381475,33.744,-90.7285,"['#WAPParty', 'Goodyear', 'Lakers', '#DemConvention', 'Luka', 'Jesus', '#ThursdayThoughts', '#NationalRadioDay', '#TrumpMeltdown', 'Nelson del Valle', 'Friday Eve', 'Navalny', 'President Obama', 'Hawaiian Punch', 'Thom Brennaman', 'Drunk History', 'Tropical Depression 13', 'Pandemic P', 'Flint', 'Playoff P', 'KIM LIP', 'Trey Burke', 'AND GOT CAUGHT', 'No. She', 'Under God', 'heejin', 'Jennifer Hudson', 'Vegito', 'TV-MA', 'Boban', 'gowon', 'Jaysar', 'Triggered', 'Miles Taylor', 'Machado', 'Ronna', '#ObamaWasBetterAtEverything', '#freesza', '#TD13', '#FireVelveteenDream', '#ThirstyThursday', '#HappyBirthdayMishaCollins', '#ObamaDNC', '#InfinityTrain', '#Battletoads', '#KamalaHarrisVP', '#banditotwitter', '#MFFL', '#Apollo', '#SGDQ2020']"
274,Cleveland,United States,2381475,30.3369,-95.0924,"['#WAPParty', 'Goodyear', 'Akron', 'Lakers', '#DemConvention', 'Luka', 'Jesus', '#ThursdayThoughts', '#NationalRadioDay', 'Nelson del Valle', '#TrumpMeltdown', 'Friday Eve', 'Navalny', 'President Obama', 'Hawaiian Punch', 'Thom Brennaman', 'Tropical Depression 13', 'Pandemic P', 'Flint', 'playoff p', 'KIM LIP', 'Trey Burke', 'AND GOT CAUGHT', 'heejin', 'No. She', 'Under God', 'Jennifer Hudson', 'Vegito', 'Boban', 'TV-MA', 'gowon', 'Jaysar', 'Machado', 'Triggered', 'Ronna', 'Cuties', 'Billie', '#ObamaWasBetterAtEverything', '#freesza', '#TD13', '#FireVelveteenDream', '#HappyBirthdayMishaCollins', '#DrunkHistory', '#InfinityTrain', '#Battletoads', '#KamalaHarrisVP', '#banditotwitter', '#MFFL', '#Apollo', '#SGDQ2020']"
275,Cleveland,United States,2381475,34.5971,-83.7622,"['#WAPParty', 'Goodyear', 'Lakers', '#DemConvention', 'Luka', 'Jesus', '#ThursdayThoughts', '#NationalRadioDay', '#TrumpMeltdown', 'Nelson del Valle', 'Friday Eve', 'Navalny', 'President Obama', 'Hawaiian Punch', 'Thom Brennaman', 'Drunk History', 'Tropical Depression 13', 'Pandemic P', 'Flint', 'Playoff P', 'KIM LIP', 'Trey Burke', 'AND GOT CAUGHT', 'No. She', 'Under God', 'heejin', 'Jennifer Hudson', 'Vegito', 'TV-MA', 'Boban', 'gowon', 'Jaysar', 'Triggered', 'Miles Taylor', 'Machado', 'Ronna', '#ObamaWasBetterAtEverything', '#freesza', '#TD13', '#FireVelveteenDream', '#ThirstyThursday', '#HappyBirthdayMishaCollins', '#ObamaDNC', '#InfinityTrain', '#Battletoads', '#KamalaHarrisVP', '#banditotwitter', '#MFFL', '#Apollo', '#SGDQ2020']"
276,Colorado Springs,United States,2383489,38.8674,-104.7606,"['#WAPParty', '#GoAvsGo', 'Goodyear', '#DemConvention', 'Twitch', 'Putin', 'Bernie', 'Joe Biden', 'Russia', '#ThursdayThoughts', '#NationalRadioDay', 'Nelson del Valle', 'Friday Eve', 'Hawaiian Punch', 'Thom Brennaman', 'Tropical Depression 13', 'Mediator', 'Pandemic P', 'Flint', 'playoff p', 'KIM LIP', 'Trey Burke', 'AND GOT CAUGHT', 'heejin', 'No. She', 'Under God', 'Jennifer Hudson', 'Vegito', 'Boban', 'TV-MA', 'gowon', 'Jaysar', 'Machado', 'Triggered', 'Bronx', '#TrumpMeltdown', '#ObamaWasBetterAtEverything', '#freesza', '#TD13', '#FireVelveteenDream', '#HappyBirthdayMishaCollins', '#DrunkHistory', '#ObamaDNC', '#InfinityTrain', '#Battletoads', '#KamalaHarrisVP', '#banditotwitter', '#MFFL', '#Apollo', '#SGDQ2020']"
277,Columbus,United States,2383660,39.986,-82.9851,"['#WAPParty', 'Goodyear', '#FireKevinWarren', 'Thom', '#DemConvention', 'Reds', 'President Obama', '#ThursdayThoughts', '#NationalRadioDay', 'Nelson del Valle', 'Friday Eve', 'Navalny', 'Hawaiian Punch', 'Tropical Depression 13', 'Mediator', 'Pandemic P', 'Flint', 'playoff p', 'KIM LIP', 'Trey Burke', 'AND GOT CAUGHT', 'heejin', 'No. She', 'Under God', 'Jennifer Hudson', 'Vegito', 'Boban', 'TV-MA', 'gowon', 'Jaysar', 'Machado', 'Triggered', 'Bronx', 'Ronna', 'Cuties', '#TrumpMeltdown', '#ObamaWasBetterAtEverything', '#freesza', '#TD13', '#FireVelveteenDream', '#HappyBirthdayMishaCollins', '#DrunkHistory', '#ObamaDNC', '#InfinityTrain', '#Battletoads', '#KamalaHarrisVP', '#banditotwitter', '#MFFL', '#Apollo', '#SGDQ2020']"
278,Columbus,United States,2383660,32.51,-84.8771,"['#WAPParty', 'Goodyear', '#FireKevinWarren', 'Thom', 'Reds', '#DemConvention', 'President Obama', '#thursdaythoughts', '#NationalRadioDay', 'Nelson del Valle', 'Friday Eve', 'Navalny', 'Hawaiian Punch', 'Drunk History', 'Tropical Depression 13', 'Mediator', 'Pandemic P', 'Flint', 'Playoff P', 'KIM LIP', 'trey burke', 'AND GOT CAUGHT', 'No. She', 'Under God', 'heejin', 'Jennifer Hudson', 'Vegito', 'TV-MA', 'Boban', 'gowon', 'Jaysar', 'The Bronx', 'Triggered', 'Miles Taylor', 'Machado', '#TrumpMeltdown', '#ObamaWasBetterAtEverything', '#freesza', '#TD13', '#FireVelveteenDream', '#ThirstyThursday', '#HappyBirthdayMishaCollins', '#ObamaDNC', '#InfinityTrain', '#Battletoads', '#KamalaHarrisVP', '#banditotwitter', '#MFFL', '#Apollo', '#SGDQ2020']"
279,Columbus,United States,2383660,39.2094,-85.9183,"['#WAPParty', 'Goodyear', '#FireKevinWarren', 'Thom', 'Reds', '#DemConvention', 'President Obama', '#thursdaythoughts', '#NationalRadioDay', 'Nelson del Valle', 'Friday Eve', 'Navalny', 'Hawaiian Punch', 'Drunk History', 'Tropical Depression 13', 'Mediator', 'Pandemic P', 'Flint', 'Playoff P', 'KIM LIP', 'trey burke', 'AND GOT CAUGHT', 'No. She', 'Under God', 'heejin', 'Jennifer Hudson', 'Vegito', 'TV-MA', 'Boban', 'gowon', 'Jaysar', 'The Bronx', 'Triggered', 'Miles Taylor', 'Machado', '#TrumpMeltdown', '#ObamaWasBetterAtEverything', '#freesza', '#TD13', '#FireVelveteenDream', '#ThirstyThursday', '#HappyBirthdayMishaCollins', '#ObamaDNC', '#InfinityTrain', '#Battletoads', '#KamalaHarrisVP', '#banditotwitter', '#MFFL', '#Apollo', '#SGDQ2020']"
